CustomerID;FirstName;LastName;Gender;BirthDate;City;JoinDate
C001;Michael;Davis;M;11/09/1996;Osborneport;25/09/2022
C002;Michael;Miller;M;18/08/1959;New Gabrielleport;03/11/2020
C003;Carol;Hays;F;19/04/2005;Port Allen;12/02/2024
C004;Joseph;Ward;M;16/06/1992;East Edgarborough;09/09/2024
C005;Jamie;Salinas;M;18/06/1992;Port Kimberly;24/02/2022
C006;Danny;Moore;M;03/10/1986;Costaberg;09/07/2022
C007;Erin;Walker;M;11/01/1985;West Jasmine;13/10/2021
C008;Isaiah;Williams;M;13/11/1960;New Michaelland;04/03/2025
C009;Richard;Pacheco;F;15/08/2004;West Lisaville;17/04/2025
C010;Catherine;Rice;M;12/12/1976;West Carol;23/07/2025
C011;Haley;Williams;M;03/03/1997;Leburgh;12/05/2023
C012;Dale;Perry;M;08/12/1989;Lake Dawn;16/07/2021
C013;Robert;Anderson;M;28/01/1955;Jillianhaven;22/03/2023
C014;Brittany;Green;M;25/06/1974;East Samantha;09/11/2021
C015;Matthew;Molina;M;12/12/1993;Quinnville;27/11/2022
C016;Miguel;Johnson;M;27/04/1976;Murrayborough;21/02/2022
C017;Vanessa;Anderson;F;11/03/1982;Peterside;25/09/2024
C018;Breanna;Davis;M;19/08/1994;East William;12/11/2024
C019;John;Smith;F;16/05/1998;Stephaniechester;17/05/2023
C020;Ryan;Cole;F;26/06/1982;Travisstad;19/04/2024
C021;Debbie;Martin;M;17/11/1993;Meganmouth;22/01/2022
C022;Megan;Velasquez;M;16/11/1955;East James;02/10/2020
C023;Mark;Martinez;F;09/05/1972;New Christophermouth;19/10/2020
C024;Molly;Murray;F;25/11/1961;North April;20/04/2023
C025;Cheryl;Gilbert;F;12/03/1971;Bradyshire;14/01/2022
C026;Justin;Macdonald;M;04/01/2004;Shepherdburgh;03/09/2024
C027;Jacqueline;Martin;M;05/02/1959;Robertmouth;30/08/2023
C028;John;Carr;F;10/02/1960;New David;16/12/2022
C029;Tyler;Levine;M;20/05/1978;West Charles;30/08/2021
C030;Lacey;Hall;M;10/06/2002;Thomashaven;27/08/2022
C031;Ashley;Gibson;F;14/03/2003;East Carrieberg;26/08/2025
C032;Valerie;Macdonald;M;09/11/1992;East Shelby;12/01/2021
C033;Jenny;Beck;F;27/07/1978;Lake Cody;17/03/2025
C034;Kari;Miller;F;19/12/1964;East Mary;13/01/2025
C035;Kimberly;King;F;19/04/1991;North George;22/03/2023
C036;Michael;Cervantes;M;04/11/1991;Ashleyview;30/09/2020
C037;Miranda;Nelson;F;30/08/1982;West Melissahaven;31/01/2024
C038;Tracey;Davis;M;19/04/1974;Wilsonbury;10/05/2021
C039;Nancy;Savage;F;02/11/1996;Port Sandra;17/10/2022
C040;Scott;Powell;M;06/11/1974;Port Miguel;12/07/2022
C041;Melissa;Rodgers;F;03/07/1980;North Sharontown;24/01/2023
C042;Anna;Andrews;F;08/02/2000;North Teresashire;09/11/2021
C043;Kenneth;Allen;M;14/09/1988;North Jonathonhaven;14/10/2023
C044;Parker;Sparks;M;14/02/1961;Bryanside;27/12/2024
C045;Kelly;Shaw;M;28/12/1975;Zacharyfort;09/10/2023
C046;Dennis;Poole;M;21/01/1964;New Jontown;25/06/2022
C047;Mary;Decker;F;03/07/2006;Port Jessica;25/02/2025
C048;Alexis;Crane;M;30/12/2004;Newtonborough;10/04/2022
C049;Antonio;Hamilton;M;03/01/1997;Chambersview;23/06/2022
C050;Kelly;Mcmillan;M;20/06/1968;Erinland;25/08/2022
C051;Madison;Sellers;F;19/12/2004;Boyerstad;25/02/2024
C052;Billy;Hernandez;F;11/09/1991;Walkerfurt;25/04/2024
C053;Felicia;Morgan;F;20/04/1998;Lake Michaelshire;07/04/2024
C054;Crystal;Johnson;F;10/11/2002;New Kathleentown;19/03/2021
C055;Deborah;Moody;M;09/07/1976;Andersonville;05/02/2021
C056;Carl;Wyatt;F;23/09/2004;North Tracey;19/06/2021
C057;Julie;Gibson;F;26/09/1998;Williamsville;26/03/2023
C058;Lawrence;Stewart;M;22/07/2005;West Tinatown;10/11/2020
C059;Scott;Wyatt;F;11/05/1963;New Meagan;27/09/2024
C060;Anthony;Conway;M;09/10/1997;Carlyberg;15/06/2025
C061;Heather;Russell;M;21/10/1968;North Michellemouth;01/02/2021
C062;Susan;Salinas;M;21/06/2000;Turnerberg;23/09/2021
C063;Michael;Johnson;M;07/01/1973;West Amandashire;29/05/2023
C064;Amanda;Hoover;F;01/09/1973;Brittanyburgh;26/09/2024
C065;Scott;Duke;F;10/12/1969;Williamhaven;21/01/2024
C066;Jason;Jenkins;F;14/09/1985;New Randychester;21/12/2020
C067;Daniel;Maldonado;M;07/09/1973;Davisfurt;11/03/2021
C068;Alexandra;Montoya;F;09/06/1981;New Julia;13/06/2024
C069;Gabriel;Daugherty;M;14/10/1965;New Reginald;11/01/2023
C070;Eric;Bryan;M;24/10/1971;Taylorhaven;04/03/2021
C071;Denise;Gutierrez;M;18/06/1962;New Manuelville;24/05/2021
C072;Eric;Watkins;F;06/06/1995;Melissashire;02/07/2022
C073;Carl;Armstrong;F;04/12/1964;Port Angelabury;09/02/2022
C074;Jesus;Singh;F;31/05/1959;Port Michaelstad;09/02/2023
C075;Seth;Moore;M;17/09/1954;New John;12/05/2021
C076;Phyllis;Durham;M;14/12/2005;Nancyside;07/05/2022
C077;Matthew;Juarez;F;24/12/2002;North Meagan;21/10/2022
C078;Jeanne;Young;M;25/09/1988;Craigport;14/01/2025
C079;Donald;Marsh;F;15/06/1979;North Bradleyfurt;06/07/2024
C080;Grace;Garcia;F;04/11/2003;Markberg;02/01/2023
C081;Sarah;Reynolds;F;20/07/1988;South Christinabury;22/09/2022
C082;Amy;Haley;M;11/05/2003;Vasquezmouth;29/06/2024
C083;Jeremy;Robles;F;29/03/1981;West Josephport;08/02/2022
C084;Amanda;Lee;M;19/03/1972;Meyersstad;04/09/2024
C085;Juan;Ramirez;M;23/03/1979;New Michaelview;11/10/2023
C086;Lawrence;Hunter;F;26/09/1975;Port Stephanie;26/07/2023
C087;Laurie;Mason;F;22/06/1975;Berrymouth;02/07/2025
C088;Brenda;Costa;F;11/10/1997;North Christian;12/09/2022
C089;William;Warner;F;12/07/1969;Geoffreystad;25/11/2022
C090;Carrie;Peterson;M;18/08/1975;Fergusonview;16/01/2022
C091;Brian;Fowler;M;04/02/1963;Port Williamhaven;23/08/2021
C092;Lindsey;Holder;F;28/11/2001;Mendozaland;17/12/2023
C093;Stanley;Brown;M;14/04/1978;Baldwinstad;25/02/2022
C094;Kimberly;Stokes;M;18/10/1962;Seanland;07/08/2025
C095;Kevin;Snyder;M;20/08/1982;Seanville;19/12/2020
C096;Eric;King;M;06/01/1989;Lake Amanda;27/10/2021
C097;Evelyn;Gray;M;14/08/1994;Wardfort;14/06/2025
C098;Lisa;Vega;F;09/01/2005;East Colinmouth;22/05/2023
C099;Kimberly;Jones;M;22/07/1964;Hansonhaven;17/01/2021
C100;Sean;Hart;F;28/09/1954;North Jason;06/11/2024
C101;William;Pope;F;29/05/1956;North Gary;08/09/2024
C102;Carolyn;Perez;F;20/06/1996;South Briantown;12/11/2023
C103;David;Burns;F;26/10/1964;Joyceside;04/06/2021
C104;Brenda;Dean;M;20/03/1965;West Ann;17/01/2024
C105;Kenneth;Berg;M;29/12/1969;Morrisborough;06/07/2023
C106;Kevin;Flores;F;23/04/1987;Lake Ricardo;06/02/2025
C107;Victoria;Hansen;F;08/10/1995;Lake Dale;17/07/2023
C108;Samantha;Hill;M;21/11/1960;Georgetown;08/06/2022
C109;Austin;Hogan;F;03/03/2006;Port Fernandohaven;29/07/2021
C110;Travis;Peters;F;05/01/1966;South Ianhaven;31/12/2022
C111;Dylan;Booker;M;13/07/1993;Justintown;12/01/2022
C112;Jeffrey;Smith;F;29/12/1983;Aaronmouth;21/03/2023
C113;Heidi;Wilson;M;23/05/1977;Ramosbury;31/12/2022
C114;Miranda;Rodriguez;F;04/07/1980;Adkinsport;23/08/2025
C115;Jose;Smith;M;25/02/1960;Smithburgh;12/11/2023
C116;Jamie;Webb;M;26/09/1955;Zacharyberg;31/07/2025
C117;Timothy;Beck;F;07/09/1987;Lauraborough;18/12/2022
C118;Gina;Bradford;M;27/08/1975;Port William;12/07/2025
C119;Jason;Lloyd;M;31/07/1991;West Ralph;31/03/2025
C120;Curtis;Faulkner;F;10/01/1964;Annaborough;18/10/2020
C121;John;Bell;M;28/02/1967;Sarahhaven;11/10/2021
C122;Amy;Smith;M;02/10/1961;Simonstad;24/06/2024
C123;Peter;Edwards;F;06/11/1989;Cliffordbury;06/06/2022
C124;Chad;Roberts;F;07/06/1962;North Michelle;10/02/2021
C125;Kimberly;Parker;M;03/04/1990;Lake Christopher;14/03/2021
C126;Monique;Johnson;M;04/04/1980;West Paulfurt;28/12/2024
C127;John;Allen;F;17/11/1982;Kimland;22/01/2021
C128;Robert;Collins;F;06/08/1976;Anthonystad;09/02/2025
C129;Gary;Taylor;M;08/10/1958;New Michael;10/12/2024
C130;Aaron;Bailey;M;03/02/1982;Marcchester;15/07/2024
C131;Denise;Jackson;M;18/10/1996;Williamsport;20/12/2022
C132;Jared;Ochoa;M;24/12/1958;Cisnerosville;19/04/2023
C133;Yvette;Roth;M;14/04/1962;East Melissashire;23/06/2025
C134;Emily;Hart;F;29/01/1985;Angelaland;22/05/2025
C135;Mario;Cuevas;M;07/03/1986;North Charlesville;03/09/2023
C136;Amanda;Garcia;M;27/06/2007;Watsonview;22/04/2023
C137;Gary;Lopez;M;05/08/1984;Amandachester;09/05/2024
C138;Breanna;Moore;F;28/09/1961;Melissaberg;10/05/2021
C139;Alexander;Mcfarland;M;21/03/1960;Whiteside;16/09/2021
C140;Stacy;Williams;F;12/06/1973;Port Gail;28/08/2024
C141;Adam;Lucas;F;06/08/1978;Allisonmouth;07/01/2024
C142;Suzanne;Fox;M;25/07/2005;Joelborough;27/12/2020
C143;Cynthia;Carlson;M;03/06/1961;South Jameschester;10/06/2023
C144;Betty;Johnson;F;02/09/1963;North Lisa;03/03/2021
C145;Paige;Osborne;F;07/11/1959;Carlsonborough;19/08/2021
C146;John;Johnson;F;26/03/1997;North Jamesport;31/08/2022
C147;Crystal;Garrison;F;03/02/1967;New Jason;20/05/2023
C148;John;Foster;F;08/07/2005;Charlesmouth;05/11/2024
C149;Melissa;Torres;M;24/01/1978;North Kathryn;02/05/2025
C150;Francis;Hernandez;M;17/06/1971;Juliefurt;07/10/2022
C151;Dawn;Fletcher;M;30/08/2006;South Audrey;26/01/2022
C152;Brittany;Green;M;17/06/1987;Port Jeffreyside;06/03/2021
C153;Nancy;Gordon;F;07/04/1988;Port Alex;05/02/2023
C154;Lisa;Martinez;M;02/09/1971;East Codyton;21/11/2023
C155;Jill;Mcconnell;M;20/09/1965;Kevinshire;23/03/2024
C156;George;Young;M;28/11/1956;Lisatown;04/01/2024
C157;Connie;Terry;M;16/12/1965;Port Patriciaburgh;22/12/2022
C158;Crystal;Aguirre;M;24/07/1981;Dylanmouth;15/09/2023
C159;Thomas;Chung;M;14/10/1990;Joshuamouth;26/01/2022
C160;Meagan;Macdonald;M;10/09/1991;Port Jacob;27/10/2021
C161;Michael;Perez;M;19/01/1963;Shannontown;31/01/2023
C162;Jill;Roach;M;30/08/2000;Ellisside;03/06/2022
C163;Erin;Rogers;F;08/10/1985;Lake Lindsay;20/08/2025
C164;Linda;Vasquez;M;28/07/1968;North Rodney;21/12/2020
C165;Tanya;Mueller;M;26/12/1972;West Tanner;05/12/2023
C166;Meagan;Ali;F;13/05/2001;South Markbury;10/07/2023
C167;Kimberly;Lin;F;06/12/1989;Wilsonland;28/05/2022
C168;Richard;Jones;M;30/07/1969;Lake Steventown;01/10/2022
C169;Travis;Watson;M;15/06/1967;Christopherburgh;23/12/2021
C170;Amber;Graham;F;05/05/1984;Lake Melissaborough;20/08/2025
C171;Christina;Dominguez;M;15/03/1993;Robertsborough;28/07/2025
C172;Michelle;Smith;F;14/03/1977;New Fred;21/06/2025
C173;Lisa;Ruiz;F;28/08/1958;South Marcusberg;22/08/2025
C174;Scott;Howell;M;07/07/2005;South Jennifer;28/08/2025
C175;Stacey;Thompson;M;07/01/1998;Davidtown;25/02/2021
C176;Peter;Garcia;M;07/10/1979;West Amymouth;22/07/2021
C177;Anthony;Gould;F;05/01/1985;South James;23/01/2022
C178;Mark;Mcdonald;F;05/12/1960;East Paulburgh;22/06/2024
C179;Dennis;Wallace;F;14/02/1985;Bennettburgh;19/08/2025
C180;Nichole;Calhoun;F;15/12/1959;West Dakotaside;19/10/2022
C181;Brittany;Oneal;F;28/11/1972;Port Bryce;12/12/2024
C182;Meghan;Wright;M;25/07/2004;East Rodney;16/04/2021
C183;Mary;Dawson;M;19/11/1990;New Tiffanyberg;27/08/2021
C184;Daniel;Mcintyre;M;13/04/2003;West Katrina;19/04/2021
C185;Joe;Vincent;F;04/07/1975;North Chaseborough;06/10/2024
C186;Vicki;Guzman;F;05/05/1960;West Wandaland;07/02/2024
C187;Cynthia;Cherry;M;14/01/1989;Gomeztown;01/11/2023
C188;Ryan;Flores;M;23/11/1960;East Danielleshire;19/05/2023
C189;Steve;Flynn;M;07/08/1966;East Walter;05/03/2021
C190;Daniel;Lawson;M;19/08/1967;Conwayside;10/04/2023
C191;Karen;Quinn;F;14/07/1958;Kristinemouth;11/06/2022
C192;James;Wilson;M;28/07/2006;Franklinview;26/09/2023
C193;Donald;Meza;F;06/11/1969;North Kelly;08/12/2020
C194;Ann;West;M;02/09/2000;Craigshire;05/08/2022
C195;James;Mitchell;F;23/08/1976;East Raymond;19/06/2025
C196;James;Noble;F;24/04/1964;Woodbury;19/02/2025
C197;Matthew;Dixon;M;23/09/1957;Lake Emily;18/11/2020
C198;Jessica;Mullins;M;23/01/1986;Jessicaside;10/12/2022
C199;Juan;Johnson;F;18/05/1970;South Scottton;28/07/2021
C200;Ronald;Haley;M;24/12/2001;Jenniferbury;24/06/2025
